-- phpMyAdmin SQL Dump
-- version 4.7.4
-- https://www.phpmyadmin.net/
--
-- Host: 127.0.0.1
-- Generation Time: 19 Sep 2018 pada 08.37
-- Versi Server: 10.1.28-MariaDB
-- PHP Version: 7.1.11

SET SQL_MODE = "NO_AUTO_VALUE_ON_ZERO";
SET AUTOCOMMIT = 0;
START TRANSACTION;
SET time_zone = "+00:00";


/*!40101 SET @OLD_CHARACTER_SET_CLIENT=@@CHARACTER_SET_CLIENT */;
/*!40101 SET @OLD_CHARACTER_SET_RESULTS=@@CHARACTER_SET_RESULTS */;
/*!40101 SET @OLD_COLLATION_CONNECTION=@@COLLATION_CONNECTION */;
/*!40101 SET NAMES utf8mb4 */;

--
-- Database: `pengenalsuara`
--

-- --------------------------------------------------------

--
-- Struktur dari tabel `foto`
--

CREATE TABLE `foto` (
  `id_foto` int(11) NOT NULL,
  `id_dosen` int(11) NOT NULL,
  `path` varchar(150) NOT NULL
) ENGINE=InnoDB DEFAULT CHARSET=latin1;

--
-- Dumping data untuk tabel `foto`
--

INSERT INTO `foto` (`id_foto`, `id_dosen`, `path`) VALUES
(1, 1, 'D:/24/foto/20160210_162501.jpg'),
(2, 2, 'D:/24/foto/Pantai Panjang/20171209_131739.jpg'),
(3, 3, 'C:/Users/asus/Pictures/Ayu.PNG'),
(4, 4, 'C:/Users/asus/Pictures/Wahyu.PNG'),
(5, 5, 'C:/Users/asus/Pictures/Ifa.PNG'),
(6, 6, 'C:/Users/asus/Pictures/Ibu Herlina.PNG'),
(7, 7, 'C:/Users/asus/Pictures/Pak Heri Sofyan.PNG');

-- --------------------------------------------------------

--
-- Struktur dari tabel `masuk`
--

CREATE TABLE `masuk` (
  `id_penelpon` int(11) NOT NULL,
  `no_telp` varchar(25) NOT NULL,
  `status` varchar(50) NOT NULL,
  `id_dosen` int(11) NOT NULL,
  `waktu` time NOT NULL,
  `tanggal` date NOT NULL
) ENGINE=InnoDB DEFAULT CHARSET=latin1;

--
-- Dumping data untuk tabel `masuk`
--

INSERT INTO `masuk` (`id_penelpon`, `no_telp`, `status`, `id_dosen`, `waktu`, `tanggal`) VALUES
(1, '08xxxxx', 'Dikenal', 4, '17:10:50', '2018-07-28'),
(2, '08xxxxx', 'Tidak Dikenal', 0, '17:10:54', '2018-07-28'),
(3, '08xxxxx', 'Dikenal', 4, '17:10:57', '2018-07-28'),
(4, '08xxxxx', 'Tidak Dikenal', 0, '17:11:01', '2018-07-28'),
(5, '08xxxxx', 'Dikenal', 4, '17:11:04', '2018-07-28'),
(6, '08xxxxx', 'Tidak Dikenal', 0, '17:11:08', '2018-07-28'),
(7, '08xxxxx', 'Dikenal', 4, '17:11:11', '2018-07-28'),
(8, '08xxxxx', 'Tidak Dikenal', 0, '17:11:15', '2018-07-28'),
(9, '08xxxxx', 'Tidak Dikenal', 0, '17:11:18', '2018-07-28'),
(10, '08xxxxx', 'Dikenal', 1, '17:11:22', '2018-07-28'),
(11, '08xxxxx', 'Tidak Dikenal', 0, '17:11:25', '2018-07-28'),
(12, '08xxxxx', 'Dikenal', 4, '17:12:05', '2018-07-28'),
(13, '08xxxxx', 'Dikenal', 4, '17:12:09', '2018-07-28'),
(14, '08xxxxx', 'Dikenal', 4, '17:12:12', '2018-07-28'),
(15, '08xxxxx', 'Tidak Dikenal', 0, '17:12:16', '2018-07-28'),
(16, '08xxxxx', 'Dikenal', 4, '17:12:19', '2018-07-28'),
(17, '08xxxxx', 'Tidak Dikenal', 0, '17:12:22', '2018-07-28'),
(18, '08xxxxx', 'Dikenal', 4, '17:12:25', '2018-07-28'),
(19, '08xxxxx', 'Dikenal', 4, '17:12:29', '2018-07-28'),
(20, '08xxxxx', 'Dikenal', 1, '17:12:32', '2018-07-28'),
(21, '08xxxxx', 'Tidak Dikenal', 0, '17:12:36', '2018-07-28'),
(22, '08xxxxx', 'Dikenal', 1, '17:12:39', '2018-07-28'),
(23, '08xxxxx', 'Dikenal', 1, '17:12:43', '2018-07-28'),
(24, '08xxxxx', 'Dikenal', 1, '17:12:46', '2018-07-28'),
(25, '08xxxxx', 'Dikenal', 1, '17:12:50', '2018-07-28'),
(26, '08xxxxx', 'Dikenal', 1, '17:12:53', '2018-07-28'),
(27, '08xxxxx', 'Dikenal', 1, '17:12:57', '2018-07-28'),
(28, '08xxxxx', 'Dikenal', 4, '17:20:20', '2018-07-28'),
(29, '08xxxxx', 'Dikenal', 4, '17:20:24', '2018-07-28'),
(30, '08xxxxx', 'Tidak Dikenal', 0, '17:20:27', '2018-07-28'),
(31, '08xxxxx', 'Tidak Dikenal', 0, '17:20:31', '2018-07-28'),
(32, '08xxxxx', 'Tidak Dikenal', 0, '17:20:34', '2018-07-28'),
(33, '08xxxxx', 'Tidak Dikenal', 0, '17:20:38', '2018-07-28'),
(34, '08xxxxx', 'Dikenal', 4, '17:20:41', '2018-07-28'),
(35, '08xxxxx', 'Dikenal', 1, '17:20:45', '2018-07-28'),
(36, '08xxxxx', 'Dikenal', 4, '17:20:48', '2018-07-28'),
(37, '08xxxxx', 'Dikenal', 4, '17:20:52', '2018-07-28'),
(38, '08xxxxx', 'Dikenal', 4, '17:41:04', '2018-07-28'),
(39, '08xxxxx', 'Dikenal', 4, '17:41:07', '2018-07-28'),
(40, '08xxxxx', 'Dikenal', 4, '17:41:11', '2018-07-28'),
(41, '08xxxxx', 'Dikenal', 4, '17:41:14', '2018-07-28'),
(42, '08xxxxx', 'Dikenal', 4, '17:41:18', '2018-07-28'),
(43, '08xxxxx', 'Dikenal', 4, '17:41:21', '2018-07-28'),
(44, '08xxxxx', 'Dikenal', 4, '17:41:25', '2018-07-28'),
(45, '08xxxxx', 'Dikenal', 4, '17:41:28', '2018-07-28'),
(46, '08xxxxx', 'Dikenal', 4, '17:41:32', '2018-07-28'),
(47, '08xxxxx', 'Dikenal', 4, '17:41:35', '2018-07-28'),
(48, '08xxxxx', 'Dikenal', 4, '17:41:39', '2018-07-28'),
(49, '08xxxxx', 'Dikenal', 4, '17:41:42', '2018-07-28'),
(50, '08xxxxx', 'Dikenal', 4, '17:41:46', '2018-07-28'),
(51, '08xxxxx', 'Dikenal', 4, '17:41:49', '2018-07-28'),
(52, '08xxxxx', 'Dikenal', 4, '17:41:53', '2018-07-28'),
(53, '08xxxxx', 'Dikenal', 4, '17:48:24', '2018-07-28'),
(54, '08xxxxx', 'Dikenal', 4, '17:48:28', '2018-07-28'),
(55, '08xxxxx', 'Dikenal', 4, '17:48:31', '2018-07-28'),
(56, '08xxxxx', 'Dikenal', 4, '17:48:35', '2018-07-28'),
(57, '08xxxxx', 'Dikenal', 4, '17:48:38', '2018-07-28'),
(58, '08xxxxx', 'Dikenal', 4, '17:48:42', '2018-07-28'),
(59, '08xxxxx', 'Dikenal', 4, '17:48:45', '2018-07-28'),
(60, '08xxxxx', 'Dikenal', 4, '17:48:49', '2018-07-28'),
(61, '08xxxxx', 'Dikenal', 4, '17:48:52', '2018-07-28'),
(62, '08xxxxx', 'Dikenal', 4, '17:48:56', '2018-07-28'),
(63, '08xxxxx', 'Dikenal', 4, '17:48:59', '2018-07-28'),
(64, '08xxxxx', 'Dikenal', 4, '17:49:03', '2018-07-28'),
(65, '08xxxxx', 'Dikenal', 4, '17:49:06', '2018-07-28'),
(66, '08xxxxx', 'Dikenal', 4, '17:49:10', '2018-07-28'),
(67, '08xxxxx', 'Dikenal', 4, '17:49:13', '2018-07-28'),
(68, '08xxxxx', 'Dikenal', 4, '18:03:47', '2018-07-28'),
(69, '08xxxxx', 'Dikenal', 4, '18:03:51', '2018-07-28'),
(70, '08xxxxx', 'Dikenal', 4, '18:03:54', '2018-07-28'),
(71, '08xxxxx', 'Dikenal', 4, '18:03:58', '2018-07-28'),
(72, '08xxxxx', 'Dikenal', 4, '18:04:01', '2018-07-28'),
(73, '08xxxxx', 'Dikenal', 4, '18:04:05', '2018-07-28'),
(74, '08xxxxx', 'Tidak Dikenal', 0, '18:04:08', '2018-07-28'),
(75, '08xxxxx', 'Dikenal', 4, '18:04:12', '2018-07-28'),
(76, '08xxxxx', 'Dikenal', 4, '18:04:15', '2018-07-28'),
(77, '08xxxxx', 'Dikenal', 4, '18:13:34', '2018-07-28'),
(78, '08xxxxx', 'Dikenal', 4, '18:13:37', '2018-07-28'),
(79, '08xxxxx', 'Dikenal', 4, '18:13:41', '2018-07-28'),
(80, '08xxxxx', 'Tidak Dikenal', 0, '18:13:44', '2018-07-28'),
(81, '08xxxxx', 'Dikenal', 4, '18:13:48', '2018-07-28'),
(82, '08xxxxx', 'Dikenal', 4, '18:13:51', '2018-07-28'),
(83, '08xxxxx', 'Dikenal', 4, '18:13:55', '2018-07-28'),
(84, '08xxxxx', 'Dikenal', 4, '18:13:58', '2018-07-28'),
(85, '08xxxxx', 'Dikenal', 4, '18:14:02', '2018-07-28'),
(86, '08xxxxx', 'Dikenal', 4, '18:16:00', '2018-07-28'),
(87, '08xxxxx', 'Dikenal', 1, '18:16:04', '2018-07-28'),
(88, '08xxxxx', 'Dikenal', 4, '18:16:08', '2018-07-28'),
(89, '08xxxxx', 'Dikenal', 4, '18:16:11', '2018-07-28'),
(90, '08xxxxx', 'Dikenal', 4, '18:16:15', '2018-07-28'),
(91, '08xxxxx', 'Dikenal', 4, '18:16:18', '2018-07-28'),
(92, '08xxxxx', 'Dikenal', 4, '18:16:21', '2018-07-28'),
(93, '08xxxxx', 'Dikenal', 4, '18:16:25', '2018-07-28'),
(94, '08xxxxx', 'Dikenal', 4, '18:16:29', '2018-07-28'),
(95, '08xxxxx', 'Dikenal', 4, '18:16:32', '2018-07-28'),
(96, '08xxxxx', 'Tidak Dikenal', 0, '18:16:36', '2018-07-28'),
(97, '08xxxxx', 'Dikenal', 4, '18:30:00', '2018-07-28'),
(98, '08xxxxx', 'Dikenal', 4, '18:30:04', '2018-07-28'),
(99, '08xxxxx', 'Dikenal', 4, '18:30:07', '2018-07-28'),
(100, '08xxxxx', 'Dikenal', 4, '18:30:11', '2018-07-28'),
(101, '08xxxxx', 'Dikenal', 4, '18:30:14', '2018-07-28'),
(102, '08xxxxx', 'Dikenal', 4, '18:30:18', '2018-07-28'),
(103, '08xxxxx', 'Dikenal', 4, '18:30:21', '2018-07-28'),
(104, '08xxxxx', 'Tidak Dikenal', 0, '18:30:25', '2018-07-28'),
(105, '08xxxxx', 'Dikenal', 4, '18:30:28', '2018-07-28'),
(106, '08xxxxx', 'Dikenal', 4, '18:30:32', '2018-07-28'),
(107, '08xxxxx', 'Dikenal', 4, '18:30:35', '2018-07-28'),
(108, '08xxxxx', 'Dikenal', 4, '18:30:39', '2018-07-28'),
(109, '08xxxxx', 'Dikenal', 4, '18:31:24', '2018-07-28'),
(110, '08xxxxx', 'Dikenal', 4, '18:31:28', '2018-07-28'),
(111, '08xxxxx', 'Dikenal', 4, '18:31:32', '2018-07-28'),
(112, '08xxxxx', 'Dikenal', 4, '18:31:35', '2018-07-28'),
(113, '08xxxxx', 'Dikenal', 4, '18:31:38', '2018-07-28'),
(114, '08xxxxx', 'Dikenal', 4, '18:31:42', '2018-07-28'),
(115, '08xxxxx', 'Dikenal', 4, '18:31:45', '2018-07-28'),
(116, '08xxxxx', 'Dikenal', 4, '18:31:49', '2018-07-28'),
(117, '08xxxxx', 'Dikenal', 4, '18:31:53', '2018-07-28'),
(118, '08xxxxx', 'Dikenal', 4, '18:31:56', '2018-07-28'),
(119, '08xxxxx', 'Dikenal', 4, '18:31:59', '2018-07-28'),
(120, '08xxxxx', 'Dikenal', 4, '18:32:03', '2018-07-28'),
(121, '08xxxxx', 'Dikenal', 4, '18:32:07', '2018-07-28'),
(122, '08xxxxx', 'Dikenal', 4, '18:32:10', '2018-07-28'),
(123, '08xxxxx', 'Tidak Dikenal', 0, '18:35:18', '2018-07-28'),
(124, '08xxxxx', 'Tidak Dikenal', 0, '18:35:21', '2018-07-28'),
(125, '08xxxxx', 'Tidak Dikenal', 0, '18:35:25', '2018-07-28'),
(126, '08xxxxx', 'Tidak Dikenal', 0, '18:35:28', '2018-07-28'),
(127, '08xxxxx', 'Tidak Dikenal', 0, '18:35:32', '2018-07-28'),
(128, '08xxxxx', 'Dikenal', 4, '18:35:35', '2018-07-28'),
(129, '08xxxxx', 'Tidak Dikenal', 0, '18:35:39', '2018-07-28'),
(130, '08xxxxx', 'Tidak Dikenal', 0, '18:35:42', '2018-07-28'),
(131, '08xxxxx', 'Tidak Dikenal', 0, '18:35:46', '2018-07-28'),
(132, '08xxxxx', 'Tidak Dikenal', 0, '17:27:26', '2018-07-29'),
(133, '08xxxxx', 'Tidak Dikenal', 0, '17:27:30', '2018-07-29'),
(134, '08xxxxx', 'Tidak Dikenal', 0, '17:27:33', '2018-07-29'),
(135, '08xxxxx', 'Tidak Dikenal', 0, '17:28:38', '2018-07-29'),
(136, '08xxxxx', 'Tidak Dikenal', 0, '17:28:42', '2018-07-29'),
(137, '08xxxxx', 'Tidak Dikenal', 0, '17:28:45', '2018-07-29'),
(138, '08xxxxx', 'Tidak Dikenal', 0, '17:28:49', '2018-07-29'),
(139, '08xxxxx', 'Tidak Dikenal', 0, '17:28:52', '2018-07-29'),
(140, '08xxxxx', 'Tidak Dikenal', 0, '17:28:56', '2018-07-29'),
(141, '08xxxxx', 'Tidak Dikenal', 0, '17:28:59', '2018-07-29'),
(142, '08xxxxx', 'Tidak Dikenal', 0, '17:29:03', '2018-07-29'),
(143, '08xxxxx', 'Tidak Dikenal', 0, '17:29:06', '2018-07-29'),
(144, '08xxxxx', 'Tidak Dikenal', 0, '17:29:10', '2018-07-29'),
(145, '08xxxxx', 'Tidak Dikenal', 0, '18:05:15', '2018-07-29'),
(146, '08xxxxx', 'Tidak Dikenal', 0, '18:05:19', '2018-07-29'),
(147, '08xxxxx', 'Tidak Dikenal', 0, '18:05:22', '2018-07-29'),
(148, '08xxxxx', 'Tidak Dikenal', 0, '18:05:26', '2018-07-29'),
(149, '08xxxxx', 'Tidak Dikenal', 0, '18:05:29', '2018-07-29'),
(150, '08xxxxx', 'Tidak Dikenal', 0, '18:15:56', '2018-07-29'),
(151, '08xxxxx', 'Tidak Dikenal', 0, '18:15:59', '2018-07-29'),
(152, '08xxxxx', 'Tidak Dikenal', 0, '18:16:03', '2018-07-29'),
(153, '08xxxxx', 'Tidak Dikenal', 0, '18:17:24', '2018-07-29'),
(154, '08xxxxx', 'Tidak Dikenal', 0, '18:17:28', '2018-07-29'),
(155, '08xxxxx', 'Tidak Dikenal', 0, '18:17:31', '2018-07-29'),
(156, '08xxxxx', 'Tidak Dikenal', 0, '18:29:00', '2018-07-29'),
(157, '08xxxxx', 'Tidak Dikenal', 0, '18:29:04', '2018-07-29'),
(158, '08xxxxx', 'Tidak Dikenal', 0, '18:29:09', '2018-07-29'),
(159, '08xxxxx', 'Tidak Dikenal', 0, '20:49:52', '2018-07-29'),
(160, '08xxxxx', 'Tidak Dikenal', 0, '20:49:56', '2018-07-29'),
(161, '08xxxxx', 'Tidak Dikenal', 0, '20:49:59', '2018-07-29'),
(162, '08xxxxx', 'Tidak Dikenal', 0, '20:50:38', '2018-07-29'),
(163, '08xxxxx', 'Tidak Dikenal', 0, '20:50:42', '2018-07-29'),
(164, '08xxxxx', 'Tidak Dikenal', 0, '20:50:45', '2018-07-29'),
(165, '08xxxxx', 'Tidak Dikenal', 0, '20:51:18', '2018-07-29'),
(166, '08xxxxx', 'Tidak Dikenal', 0, '20:51:21', '2018-07-29'),
(167, '08xxxxx', 'Tidak Dikenal', 0, '20:51:25', '2018-07-29'),
(168, '08xxxxx', 'Tidak Dikenal', 0, '20:51:28', '2018-07-29'),
(169, '08xxxxx', 'Tidak Dikenal', 0, '20:52:35', '2018-07-29'),
(170, '08xxxxx', 'Tidak Dikenal', 0, '20:52:39', '2018-07-29'),
(171, '08xxxxx', 'Tidak Dikenal', 0, '20:53:35', '2018-07-29'),
(172, '08xxxxx', 'Tidak Dikenal', 0, '20:53:39', '2018-07-29'),
(173, '08xxxxx', 'Tidak Dikenal', 0, '20:53:42', '2018-07-29'),
(174, '08xxxxx', 'Tidak Dikenal', 0, '21:15:24', '2018-07-29'),
(175, '08xxxxx', 'Tidak Dikenal', 0, '21:15:27', '2018-07-29'),
(176, '08xxxxx', 'Tidak Dikenal', 0, '07:42:58', '2018-07-30'),
(177, '08xxxxx', 'Tidak Dikenal', 0, '07:43:03', '2018-07-30'),
(178, '08xxxxx', 'Tidak Dikenal', 0, '16:37:14', '2018-07-30'),
(179, '08xxxxx', 'Tidak Dikenal', 0, '16:37:18', '2018-07-30'),
(180, '08xxxxx', 'Tidak Dikenal', 0, '20:58:36', '2018-07-31'),
(181, '08xxxxx', 'Tidak Dikenal', 0, '20:58:40', '2018-07-31'),
(182, '08xxxxx', 'Tidak Dikenal', 0, '20:58:43', '2018-07-31'),
(183, '08xxxxx', 'Tidak Dikenal', 0, '20:58:47', '2018-07-31'),
(184, '08xxxxx', 'Tidak Dikenal', 0, '20:59:51', '2018-07-31'),
(185, '08xxxxx', 'Tidak Dikenal', 0, '20:59:54', '2018-07-31'),
(186, '08xxxxx', 'Tidak Dikenal', 0, '20:59:58', '2018-07-31'),
(187, '08xxxxx', 'Tidak Dikenal', 0, '21:00:01', '2018-07-31'),
(188, '08xxxxx', 'Tidak Dikenal', 0, '21:00:05', '2018-07-31'),
(189, '08xxxxx', 'Tidak Dikenal', 0, '21:00:08', '2018-07-31'),
(190, '08xxxxx', 'Tidak Dikenal', 0, '21:02:14', '2018-07-31'),
(191, '08xxxxx', 'Tidak Dikenal', 0, '21:02:17', '2018-07-31'),
(192, '08xxxxx', 'Tidak Dikenal', 0, '21:02:21', '2018-07-31'),
(193, '08xxxxx', 'Dikenal', 4, '21:02:24', '2018-07-31'),
(194, '08xxxxx', 'Dikenal', 4, '21:02:28', '2018-07-31'),
(195, '08xxxxx', 'Dikenal', 4, '21:04:54', '2018-07-31'),
(196, '08xxxxx', 'Tidak Dikenal', 0, '21:04:57', '2018-07-31'),
(197, '08xxxxx', 'Dikenal', 1, '21:05:01', '2018-07-31'),
(198, '08xxxxx', 'Dikenal', 4, '21:05:04', '2018-07-31'),
(199, '08xxxxx', 'Dikenal', 4, '21:05:08', '2018-07-31'),
(200, '08xxxxx', 'Dikenal', 1, '21:05:11', '2018-07-31'),
(201, '08xxxxx', 'Dikenal', 4, '21:05:15', '2018-07-31'),
(202, '08xxxxx', 'Dikenal', 1, '21:05:18', '2018-07-31'),
(203, '08xxxxx', 'Dikenal', 1, '21:05:22', '2018-07-31'),
(204, '08xxxxx', 'Tidak Dikenal', 0, '21:05:25', '2018-07-31'),
(205, '08xxxxx', 'Dikenal', 4, '21:05:29', '2018-07-31'),
(206, '08xxxxx', 'Dikenal', 4, '21:06:05', '2018-07-31'),
(207, '08xxxxx', 'Dikenal', 1, '21:06:08', '2018-07-31'),
(208, '08xxxxx', 'Dikenal', 4, '21:06:12', '2018-07-31'),
(209, '08xxxxx', 'Dikenal', 4, '21:06:15', '2018-07-31'),
(210, '08xxxxx', 'Dikenal', 4, '21:06:19', '2018-07-31'),
(211, '08xxxxx', 'Dikenal', 4, '21:06:22', '2018-07-31'),
(212, '08xxxxx', 'Dikenal', 1, '21:06:26', '2018-07-31'),
(213, '08xxxxx', 'Dikenal', 4, '21:06:52', '2018-07-31'),
(214, '08xxxxx', 'Dikenal', 4, '21:06:56', '2018-07-31'),
(215, '08xxxxx', 'Dikenal', 4, '21:06:59', '2018-07-31'),
(216, '08xxxxx', 'Dikenal', 4, '21:07:03', '2018-07-31'),
(217, '08xxxxx', 'Dikenal', 4, '21:07:06', '2018-07-31'),
(218, '08xxxxx', 'Dikenal', 1, '21:07:10', '2018-07-31'),
(219, '08xxxxx', 'Dikenal', 4, '21:07:13', '2018-07-31'),
(220, '08xxxxx', 'Dikenal', 3, '21:07:17', '2018-07-31'),
(221, '08xxxxx', 'Dikenal', 4, '08:48:33', '2018-08-01'),
(222, '08xxxxx', 'Dikenal', 4, '08:48:37', '2018-08-01'),
(223, '08xxxxx', 'Dikenal', 4, '08:48:41', '2018-08-01'),
(224, '08xxxxx', 'Dikenal', 4, '08:48:44', '2018-08-01'),
(225, '08xxxxx', 'Dikenal', 3, '08:48:48', '2018-08-01'),
(226, '08xxxxx', 'Dikenal', 4, '08:48:51', '2018-08-01'),
(227, '08xxxxx', 'Dikenal', 4, '08:48:55', '2018-08-01'),
(228, '08xxxxx', 'Dikenal', 4, '08:48:58', '2018-08-01'),
(229, '08xxxxx', 'Dikenal', 3, '08:49:02', '2018-08-01'),
(230, '08xxxxx', 'Dikenal', 4, '08:49:05', '2018-08-01'),
(231, '08xxxxx', 'Dikenal', 4, '08:49:09', '2018-08-01'),
(232, '08xxxxx', 'Dikenal', 1, '08:49:12', '2018-08-01'),
(233, '08xxxxx', 'Dikenal', 1, '08:49:16', '2018-08-01'),
(234, '08xxxxx', 'Dikenal', 4, '08:49:19', '2018-08-01'),
(235, '08xxxxx', 'Dikenal', 4, '08:49:23', '2018-08-01'),
(236, '08xxxxx', 'Tidak Dikenal', 0, '08:53:25', '2018-08-01'),
(237, '08xxxxx', 'Tidak Dikenal', 0, '08:53:28', '2018-08-01'),
(238, '08xxxxx', 'Dikenal', 3, '08:53:32', '2018-08-01'),
(239, '08xxxxx', 'Tidak Dikenal', 0, '08:53:35', '2018-08-01'),
(240, '08xxxxx', 'Tidak Dikenal', 0, '08:53:39', '2018-08-01'),
(241, '08xxxxx', 'Dikenal', 4, '08:53:42', '2018-08-01'),
(242, '08xxxxx', 'Dikenal', 4, '08:53:46', '2018-08-01'),
(243, '08xxxxx', 'Tidak Dikenal', 0, '08:53:49', '2018-08-01'),
(244, '08xxxxx', 'Tidak Dikenal', 0, '08:53:53', '2018-08-01'),
(245, '08xxxxx', 'Dikenal', 3, '08:53:56', '2018-08-01'),
(246, '08xxxxx', 'Dikenal', 4, '08:54:00', '2018-08-01'),
(247, '08xxxxx', 'Dikenal', 5, '10:03:36', '2018-08-01'),
(248, '08xxxxx', 'Tidak Dikenal', 0, '10:03:40', '2018-08-01'),
(249, '08xxxxx', 'Dikenal', 5, '10:03:43', '2018-08-01'),
(250, '08xxxxx', 'Dikenal', 5, '10:03:47', '2018-08-01'),
(251, '08xxxxx', 'Dikenal', 5, '10:03:50', '2018-08-01'),
(252, '08xxxxx', 'Dikenal', 5, '10:03:54', '2018-08-01'),
(253, '08xxxxx', 'Dikenal', 5, '10:03:57', '2018-08-01'),
(254, '08xxxxx', 'Dikenal', 4, '11:17:18', '2018-08-07'),
(255, '08xxxxx', 'Dikenal', 1, '11:17:22', '2018-08-07'),
(256, '08xxxxx', 'Dikenal', 1, '11:17:26', '2018-08-07'),
(257, '08xxxxx', 'Dikenal', 3, '11:17:29', '2018-08-07'),
(258, '08xxxxx', 'Dikenal', 3, '11:17:32', '2018-08-07'),
(259, '08xxxxx', 'Dikenal', 3, '11:17:36', '2018-08-07'),
(260, '08xxxxx', 'Dikenal', 3, '11:17:40', '2018-08-07'),
(261, '08xxxxx', 'Dikenal', 3, '11:17:43', '2018-08-07'),
(262, '08xxxxx', 'Dikenal', 3, '11:17:47', '2018-08-07'),
(263, '08xxxxx', 'Dikenal', 3, '11:17:50', '2018-08-07'),
(264, '08xxxxx', 'Dikenal', 3, '20:45:38', '2018-08-07'),
(265, '08xxxxx', 'Dikenal', 3, '20:45:41', '2018-08-07'),
(266, '08xxxxx', 'Dikenal', 3, '20:45:45', '2018-08-07'),
(267, '08xxxxx', 'Tidak Dikenal', 0, '22:02:12', '2018-08-10'),
(268, '08xxxxx', 'Dikenal', 1, '22:02:16', '2018-08-10'),
(269, '08xxxxx', 'Dikenal', 7, '22:02:19', '2018-08-10'),
(270, '08xxxxx', 'Dikenal', 1, '22:02:23', '2018-08-10'),
(271, '08xxxxx', 'Dikenal', 1, '22:02:26', '2018-08-10'),
(272, '08xxxxx', 'Dikenal', 7, '17:12:51', '2018-08-13'),
(273, '08xxxxx', 'Dikenal', 4, '17:12:55', '2018-08-13'),
(274, '08xxxxx', 'Dikenal', 7, '17:12:58', '2018-08-13'),
(275, '08xxxxx', 'Dikenal', 7, '17:13:02', '2018-08-13'),
(276, '08xxxxx', 'Dikenal', 4, '17:13:05', '2018-08-13'),
(277, '08xxxxx', 'Dikenal', 7, '17:13:09', '2018-08-13'),
(278, '08xxxxx', 'Dikenal', 7, '17:13:12', '2018-08-13'),
(279, '08xxxxx', 'Dikenal', 1, '17:13:16', '2018-08-13'),
(280, '08xxxxx', 'Dikenal', 4, '17:13:19', '2018-08-13'),
(281, '08xxxxx', 'Dikenal', 7, '17:13:23', '2018-08-13'),
(282, '08xxxxx', 'Dikenal', 4, '17:13:26', '2018-08-13'),
(283, '08xxxxx', 'Dikenal', 4, '17:13:30', '2018-08-13'),
(284, '08xxxxx', 'Dikenal', 1, '17:13:33', '2018-08-13'),
(285, '08xxxxx', 'Dikenal', 1, '17:14:12', '2018-08-13'),
(286, '08xxxxx', 'Dikenal', 7, '17:14:15', '2018-08-13'),
(287, '08xxxxx', 'Dikenal', 4, '17:14:19', '2018-08-13'),
(288, '08xxxxx', 'Dikenal', 1, '17:14:22', '2018-08-13'),
(289, '08xxxxx', 'Dikenal', 7, '17:14:25', '2018-08-13'),
(290, '08xxxxx', 'Dikenal', 4, '17:14:28', '2018-08-13'),
(291, '08xxxxx', 'Dikenal', 7, '17:14:32', '2018-08-13'),
(292, '08xxxxx', 'Dikenal', 7, '17:14:35', '2018-08-13'),
(293, '08xxxxx', 'Dikenal', 7, '17:14:38', '2018-08-13'),
(294, '08xxxxx', 'Dikenal', 7, '17:14:41', '2018-08-13'),
(295, '08xxxxx', 'Dikenal', 1, '17:14:45', '2018-08-13'),
(296, '08xxxxx', 'Dikenal', 7, '17:14:48', '2018-08-13'),
(297, '08xxxxx', 'Dikenal', 4, '17:14:51', '2018-08-13'),
(298, '08xxxxx', 'Dikenal', 1, '17:14:54', '2018-08-13'),
(299, '08xxxxx', 'Dikenal', 1, '17:14:58', '2018-08-13'),
(300, '08xxxxx', 'Dikenal', 1, '17:15:01', '2018-08-13'),
(301, '08xxxxx', 'Dikenal', 1, '17:15:05', '2018-08-13'),
(302, '08xxxxx', 'Dikenal', 1, '17:15:08', '2018-08-13'),
(303, '08xxxxx', 'Dikenal', 1, '17:15:12', '2018-08-13'),
(304, '08xxxxx', 'Dikenal', 1, '17:15:15', '2018-08-13'),
(305, '08xxxxx', 'Dikenal', 1, '17:15:19', '2018-08-13'),
(306, '08xxxxx', 'Dikenal', 1, '17:15:22', '2018-08-13'),
(307, '08xxxxx', 'Dikenal', 1, '17:15:26', '2018-08-13'),
(308, '08xxxxx', 'Dikenal', 1, '17:15:29', '2018-08-13'),
(309, '08xxxxx', 'Dikenal', 1, '17:15:33', '2018-08-13'),
(310, '08xxxxx', 'Dikenal', 1, '17:15:36', '2018-08-13'),
(311, '08xxxxx', 'Dikenal', 1, '17:15:40', '2018-08-13'),
(312, '08xxxxx', 'Dikenal', 1, '17:15:43', '2018-08-13'),
(313, '08xxxxx', 'Dikenal', 1, '17:15:47', '2018-08-13'),
(314, '08xxxxx', 'Dikenal', 1, '17:15:50', '2018-08-13'),
(315, '08xxxxx', 'Dikenal', 1, '17:15:54', '2018-08-13'),
(316, '08xxxxx', 'Dikenal', 1, '17:15:57', '2018-08-13'),
(317, '08xxxxx', 'Dikenal', 1, '17:16:01', '2018-08-13'),
(318, '08xxxxx', 'Tidak Dikenal', 0, '17:16:04', '2018-08-13'),
(319, '08xxxxx', 'Dikenal', 1, '17:16:08', '2018-08-13'),
(320, '08xxxxx', 'Dikenal', 4, '17:16:11', '2018-08-13'),
(321, '08xxxxx', 'Dikenal', 4, '17:16:15', '2018-08-13'),
(322, '08xxxxx', 'Dikenal', 7, '17:16:18', '2018-08-13'),
(323, '08xxxxx', 'Dikenal', 4, '17:16:21', '2018-08-13'),
(324, '08xxxxx', 'Dikenal', 4, '17:16:24', '2018-08-13'),
(325, '08xxxxx', 'Dikenal', 4, '17:16:28', '2018-08-13'),
(326, '08xxxxx', 'Dikenal', 4, '17:16:31', '2018-08-13'),
(327, '08xxxxx', 'Dikenal', 7, '17:16:34', '2018-08-13'),
(328, '08xxxxx', 'Dikenal', 4, '17:16:37', '2018-08-13'),
(329, '08xxxxx', 'Dikenal', 7, '17:16:41', '2018-08-13'),
(330, '08xxxxx', 'Dikenal', 4, '17:16:44', '2018-08-13'),
(331, '08xxxxx', 'Tidak Dikenal', 0, '17:16:47', '2018-08-13'),
(332, '08xxxxx', 'Dikenal', 1, '17:16:51', '2018-08-13'),
(333, '08xxxxx', 'Dikenal', 1, '17:16:54', '2018-08-13'),
(334, '08xxxxx', 'Dikenal', 1, '17:16:58', '2018-08-13'),
(335, '08xxxxx', 'Dikenal', 1, '17:17:01', '2018-08-13'),
(336, '08xxxxx', 'Dikenal', 1, '17:17:05', '2018-08-13'),
(337, '08xxxxx', 'Dikenal', 1, '17:17:08', '2018-08-13'),
(338, '08xxxxx', 'Dikenal', 1, '17:17:12', '2018-08-13'),
(339, '08xxxxx', 'Dikenal', 1, '17:17:15', '2018-08-13'),
(340, '08xxxxx', 'Dikenal', 1, '17:17:19', '2018-08-13'),
(341, '08xxxxx', 'Dikenal', 1, '17:17:22', '2018-08-13'),
(342, '08xxxxx', 'Dikenal', 1, '17:17:26', '2018-08-13'),
(343, '08xxxxx', 'Dikenal', 1, '17:17:29', '2018-08-13'),
(344, '08xxxxx', 'Dikenal', 1, '17:17:33', '2018-08-13'),
(345, '08xxxxx', 'Dikenal', 1, '17:17:37', '2018-08-13'),
(346, '08xxxxx', 'Dikenal', 1, '17:17:40', '2018-08-13'),
(347, '08xxxxx', 'Dikenal', 1, '17:17:43', '2018-08-13'),
(348, '08xxxxx', 'Dikenal', 1, '17:17:47', '2018-08-13'),
(349, '08xxxxx', 'Dikenal', 1, '17:17:50', '2018-08-13'),
(350, '08xxxxx', 'Dikenal', 1, '17:17:54', '2018-08-13'),
(351, '08xxxxx', 'Dikenal', 1, '17:17:57', '2018-08-13'),
(352, '08xxxxx', 'Dikenal', 1, '17:18:01', '2018-08-13'),
(353, '08xxxxx', 'Dikenal', 1, '17:18:04', '2018-08-13'),
(354, '08xxxxx', 'Dikenal', 1, '17:18:08', '2018-08-13'),
(355, '08xxxxx', 'Dikenal', 1, '17:18:11', '2018-08-13'),
(356, '08xxxxx', 'Dikenal', 1, '17:18:15', '2018-08-13'),
(357, '08xxxxx', 'Dikenal', 1, '17:18:18', '2018-08-13'),
(358, '08xxxxx', 'Dikenal', 6, '17:33:36', '2018-08-13'),
(359, '08xxxxx', 'Dikenal', 6, '17:33:40', '2018-08-13'),
(360, '08xxxxx', 'Dikenal', 7, '17:33:43', '2018-08-13'),
(361, '08xxxxx', 'Dikenal', 6, '17:33:47', '2018-08-13'),
(362, '08xxxxx', 'Dikenal', 6, '17:33:50', '2018-08-13'),
(363, '08xxxxx', 'Dikenal', 6, '17:33:54', '2018-08-13'),
(364, '08xxxxx', 'Dikenal', 6, '17:33:57', '2018-08-13'),
(365, '08xxxxx', 'Dikenal', 7, '17:34:01', '2018-08-13'),
(366, '08xxxxx', 'Dikenal', 6, '17:34:04', '2018-08-13'),
(367, '08xxxxx', 'Dikenal', 7, '17:34:08', '2018-08-13'),
(368, '08xxxxx', 'Dikenal', 6, '17:34:11', '2018-08-13'),
(369, '08xxxxx', 'Dikenal', 5, '17:38:48', '2018-08-13'),
(370, '08xxxxx', 'Dikenal', 5, '17:38:52', '2018-08-13'),
(371, '08xxxxx', 'Dikenal', 5, '17:38:55', '2018-08-13'),
(372, '08xxxxx', 'Dikenal', 5, '17:38:59', '2018-08-13'),
(373, '08xxxxx', 'Dikenal', 5, '17:39:02', '2018-08-13'),
(374, '08xxxxx', 'Dikenal', 5, '17:39:06', '2018-08-13'),
(375, '08xxxxx', 'Dikenal', 5, '17:39:09', '2018-08-13'),
(376, '08xxxxx', 'Dikenal', 5, '17:39:13', '2018-08-13'),
(377, '08xxxxx', 'Dikenal', 5, '17:39:16', '2018-08-13'),
(378, '08xxxxx', 'Dikenal', 5, '17:39:20', '2018-08-13'),
(379, '08xxxxx', 'Dikenal', 5, '17:39:23', '2018-08-13'),
(380, '08xxxxx', 'Dikenal', 5, '17:39:27', '2018-08-13'),
(381, '08xxxxx', 'Dikenal', 5, '17:39:30', '2018-08-13'),
(382, '08xxxxx', 'Dikenal', 5, '17:39:34', '2018-08-13'),
(383, '08xxxxx', 'Dikenal', 5, '17:39:37', '2018-08-13'),
(384, '08xxxxx', 'Dikenal', 5, '17:39:41', '2018-08-13'),
(385, '08xxxxx', 'Dikenal', 5, '17:39:45', '2018-08-13'),
(386, '08xxxxx', 'Dikenal', 5, '17:39:48', '2018-08-13'),
(387, '08xxxxx', 'Dikenal', 7, '18:12:46', '2018-08-13'),
(388, '08xxxxx', 'Dikenal', 7, '18:12:49', '2018-08-13'),
(389, '08xxxxx', 'Dikenal', 7, '18:12:53', '2018-08-13'),
(390, '08xxxxx', 'Dikenal', 7, '18:12:57', '2018-08-13'),
(391, '08xxxxx', 'Dikenal', 7, '18:13:00', '2018-08-13'),
(392, '08xxxxx', 'Dikenal', 7, '18:13:03', '2018-08-13'),
(393, '08xxxxx', 'Dikenal', 7, '18:13:07', '2018-08-13'),
(394, '08xxxxx', 'Dikenal', 7, '18:13:11', '2018-08-13'),
(395, '08xxxxx', 'Dikenal', 7, '18:13:14', '2018-08-13'),
(396, '08xxxxx', 'Dikenal', 7, '18:13:17', '2018-08-13'),
(397, '08xxxxx', 'Dikenal', 7, '18:13:21', '2018-08-13'),
(398, '08xxxxx', 'Dikenal', 7, '18:13:25', '2018-08-13'),
(399, '08xxxxx', 'Dikenal', 7, '18:13:28', '2018-08-13'),
(400, '08xxxxx', 'Dikenal', 1, '14:50:45', '2018-08-20'),
(401, '08xxxxx', 'Dikenal', 1, '14:50:49', '2018-08-20'),
(402, '08xxxxx', 'Dikenal', 1, '14:50:52', '2018-08-20'),
(403, '08xxxxx', 'Dikenal', 1, '14:50:56', '2018-08-20'),
(404, '08xxxxx', 'Dikenal', 5, '11:44:30', '2018-08-23'),
(405, '08xxxxx', 'Dikenal', 5, '11:44:34', '2018-08-23'),
(406, '08xxxxx', 'Dikenal', 5, '11:44:37', '2018-08-23'),
(407, '08xxxxx', 'Dikenal', 5, '11:44:41', '2018-08-23'),
(408, '08xxxxx', 'Dikenal', 5, '11:44:44', '2018-08-23'),
(409, '08xxxxx', 'Dikenal', 5, '11:44:48', '2018-08-23'),
(410, '08xxxxx', 'Dikenal', 5, '11:44:51', '2018-08-23'),
(411, '08xxxxx', 'Dikenal', 5, '13:28:52', '2018-08-23'),
(412, '08xxxxx', 'Dikenal', 5, '13:28:55', '2018-08-23'),
(413, '08xxxxx', 'Dikenal', 5, '13:28:59', '2018-08-23'),
(414, '08xxxxx', 'Dikenal', 5, '13:29:02', '2018-08-23'),
(415, '08xxxxx', 'Dikenal', 5, '14:12:37', '2018-08-23'),
(416, '08xxxxx', 'Dikenal', 5, '14:12:40', '2018-08-23'),
(417, '08xxxxx', 'Dikenal', 5, '14:12:43', '2018-08-23'),
(418, '08xxxxx', 'Dikenal', 5, '14:12:47', '2018-08-23'),
(419, '08xxxxx', 'Dikenal', 5, '14:12:50', '2018-08-23'),
(420, '08xxxxx', 'Dikenal', 6, '14:12:54', '2018-08-23'),
(421, '08xxxxx', 'Dikenal', 6, '14:12:58', '2018-08-23'),
(422, '08xxxxx', 'Dikenal', 5, '14:13:01', '2018-08-23'),
(423, '08xxxxx', 'Dikenal', 5, '14:13:05', '2018-08-23'),
(424, '08xxxxx', 'Dikenal', 1, '10:26:19', '2018-08-24'),
(425, '08xxxxx', 'Dikenal', 1, '10:26:23', '2018-08-24'),
(426, '08xxxxx', 'Dikenal', 1, '10:26:27', '2018-08-24'),
(427, '08xxxxx', 'Dikenal', 1, '10:26:30', '2018-08-24'),
(428, '08xxxxx', 'Dikenal', 1, '10:26:34', '2018-08-24'),
(429, '08xxxxx', 'Dikenal', 1, '10:27:14', '2018-08-24'),
(430, '08xxxxx', 'Dikenal', 3, '10:27:18', '2018-08-24'),
(431, '08xxxxx', 'Dikenal', 1, '10:27:21', '2018-08-24'),
(432, '08xxxxx', 'Dikenal', 1, '10:27:25', '2018-08-24'),
(433, '08xxxxx', 'Dikenal', 1, '10:27:28', '2018-08-24'),
(434, '08xxxxx', 'Dikenal', 1, '10:27:32', '2018-08-24'),
(435, '08xxxxx', 'Tidak Dikenal', 0, '10:27:35', '2018-08-24'),
(436, '08xxxxx', 'Dikenal', 1, '10:41:16', '2018-08-24'),
(437, '08xxxxx', 'Dikenal', 1, '10:41:20', '2018-08-24'),
(438, '08xxxxx', 'Dikenal', 1, '10:41:23', '2018-08-24'),
(439, '08xxxxx', 'Dikenal', 1, '10:41:27', '2018-08-24'),
(440, '08xxxxx', 'Dikenal', 1, '10:41:30', '2018-08-24'),
(441, '08xxxxx', 'Dikenal', 1, '10:41:34', '2018-08-24'),
(442, '08xxxxx', 'Dikenal', 1, '10:42:30', '2018-08-24'),
(443, '08xxxxx', 'Dikenal', 1, '10:42:33', '2018-08-24'),
(444, '08xxxxx', 'Dikenal', 3, '10:42:37', '2018-08-24'),
(445, '08xxxxx', 'Dikenal', 1, '10:42:40', '2018-08-24'),
(446, '08xxxxx', 'Dikenal', 1, '10:42:44', '2018-08-24'),
(447, '08xxxxx', 'Dikenal', 1, '10:42:47', '2018-08-24'),
(448, '08xxxxx', 'Dikenal', 1, '10:42:51', '2018-08-24'),
(449, '08xxxxx', 'Dikenal', 1, '10:42:54', '2018-08-24'),
(450, '08xxxxx', 'Dikenal', 5, '11:10:27', '2018-08-26'),
(451, '08xxxxx', 'Dikenal', 5, '11:10:31', '2018-08-26'),
(452, '08xxxxx', 'Dikenal', 5, '11:10:34', '2018-08-26'),
(453, '08xxxxx', 'Dikenal', 5, '11:10:38', '2018-08-26'),
(454, '08xxxxx', 'Dikenal', 5, '11:10:41', '2018-08-26'),
(455, '08xxxxx', 'Dikenal', 6, '11:22:19', '2018-08-26'),
(456, '08xxxxx', 'Dikenal', 1, '11:22:23', '2018-08-26'),
(457, '08xxxxx', 'Dikenal', 5, '11:22:26', '2018-08-26'),
(458, '08xxxxx', 'Tidak Dikenal', 0, '11:22:30', '2018-08-26'),
(459, '08xxxxx', 'Dikenal', 5, '11:22:33', '2018-08-26'),
(460, '08xxxxx', 'Dikenal', 5, '11:22:37', '2018-08-26'),
(461, '08xxxxx', 'Dikenal', 5, '11:22:40', '2018-08-26'),
(462, '08xxxxx', 'Dikenal', 6, '09:24:51', '2018-08-27'),
(463, '08xxxxx', 'Dikenal', 1, '09:24:54', '2018-08-27'),
(464, '08xxxxx', 'Dikenal', 6, '09:24:58', '2018-08-27'),
(465, '08xxxxx', 'Dikenal', 1, '09:25:01', '2018-08-27'),
(466, '08xxxxx', 'Dikenal', 1, '09:25:05', '2018-08-27'),
(467, '08xxxxx', 'Dikenal', 1, '09:25:58', '2018-08-27'),
(468, '08xxxxx', 'Dikenal', 6, '09:26:01', '2018-08-27'),
(469, '08xxxxx', 'Dikenal', 5, '09:26:05', '2018-08-27'),
(470, '08xxxxx', 'Dikenal', 6, '09:26:08', '2018-08-27'),
(471, '08xxxxx', 'Dikenal', 1, '09:26:12', '2018-08-27'),
(472, '08xxxxx', 'Dikenal', 1, '09:26:15', '2018-08-27'),
(473, '08xxxxx', 'Dikenal', 1, '09:26:19', '2018-08-27'),
(474, '08xxxxx', 'Dikenal', 1, '09:26:22', '2018-08-27'),
(475, '08xxxxx', 'Dikenal', 1, '09:26:26', '2018-08-27'),
(476, '08xxxxx', 'Dikenal', 1, '09:26:29', '2018-08-27'),
(477, '08xxxxx', 'Dikenal', 1, '09:26:33', '2018-08-27'),
(478, '08xxxxx', 'Dikenal', 1, '09:26:36', '2018-08-27'),
(479, '08xxxxx', 'Dikenal', 1, '09:26:40', '2018-08-27'),
(480, '08xxxxx', 'Dikenal', 1, '09:26:43', '2018-08-27'),
(481, '08xxxxx', 'Dikenal', 1, '09:26:47', '2018-08-27'),
(482, '08xxxxx', 'Dikenal', 1, '09:26:50', '2018-08-27'),
(483, '08xxxxx', 'Dikenal', 1, '09:26:54', '2018-08-27'),
(484, '08xxxxx', 'Dikenal', 1, '09:26:57', '2018-08-27'),
(485, '08xxxxx', 'Dikenal', 1, '09:27:01', '2018-08-27'),
(486, '08xxxxx', 'Dikenal', 1, '09:27:04', '2018-08-27'),
(487, '08xxxxx', 'Dikenal', 1, '09:27:08', '2018-08-27'),
(488, '08xxxxx', 'Dikenal', 1, '09:27:11', '2018-08-27'),
(489, '08xxxxx', 'Dikenal', 1, '09:27:15', '2018-08-27'),
(490, '08xxxxx', 'Dikenal', 1, '09:27:18', '2018-08-27'),
(491, '08xxxxx', 'Dikenal', 1, '09:27:22', '2018-08-27'),
(492, '08xxxxx', 'Dikenal', 1, '09:27:25', '2018-08-27'),
(493, '08xxxxx', 'Tidak Dikenal', 0, '09:27:29', '2018-08-27'),
(494, '08xxxxx', 'Dikenal', 1, '09:27:32', '2018-08-27'),
(495, '08xxxxx', 'Dikenal', 6, '09:27:36', '2018-08-27'),
(496, '08xxxxx', 'Tidak Dikenal', 0, '09:27:39', '2018-08-27'),
(497, '08xxxxx', 'Dikenal', 6, '09:27:47', '2018-08-27'),
(498, '08xxxxx', 'Dikenal', 5, '09:27:51', '2018-08-27'),
(499, '08xxxxx', 'Dikenal', 1, '09:27:54', '2018-08-27'),
(500, '08xxxxx', 'Dikenal', 1, '09:27:58', '2018-08-27'),
(501, '08xxxxx', 'Dikenal', 5, '13:32:17', '2018-09-12'),
(502, '08xxxxx', 'Dikenal', 5, '13:32:21', '2018-09-12'),
(503, '08xxxxx', 'Dikenal', 5, '13:32:25', '2018-09-12'),
(504, '08xxxxx', 'Dikenal', 5, '13:32:28', '2018-09-12'),
(505, '08xxxxx', 'Dikenal', 5, '13:32:32', '2018-09-12'),
(506, '08xxxxx', 'Dikenal', 5, '13:32:35', '2018-09-12'),
(507, '08xxxxx', 'Dikenal', 5, '13:32:39', '2018-09-12'),
(508, '08xxxxx', 'Dikenal', 5, '13:32:42', '2018-09-12'),
(509, '08xxxxx', 'Dikenal', 5, '13:32:46', '2018-09-12'),
(510, '08xxxxx', 'Dikenal', 5, '13:32:49', '2018-09-12'),
(511, '08xxxxx', 'Dikenal', 5, '13:32:53', '2018-09-12'),
(512, '08xxxxx', 'Dikenal', 5, '13:32:56', '2018-09-12'),
(513, '08xxxxx', 'Dikenal', 5, '13:33:00', '2018-09-12'),
(514, '08xxxxx', 'Dikenal', 5, '13:33:03', '2018-09-12'),
(515, '08xxxxx', 'Dikenal', 5, '13:33:07', '2018-09-12'),
(516, '08xxxxx', 'Dikenal', 5, '13:33:10', '2018-09-12'),
(517, '08xxxxx', 'Dikenal', 5, '13:33:14', '2018-09-12'),
(518, '08xxxxx', 'Dikenal', 5, '13:33:17', '2018-09-12'),
(519, '08xxxxx', 'Dikenal', 5, '13:33:21', '2018-09-12'),
(520, '08xxxxx', 'Dikenal', 5, '13:33:24', '2018-09-12'),
(521, '08xxxxx', 'Dikenal', 5, '13:33:28', '2018-09-12'),
(522, '08xxxxx', 'Dikenal', 5, '13:33:31', '2018-09-12'),
(523, '08xxxxx', 'Dikenal', 5, '13:33:35', '2018-09-12'),
(524, '08xxxxx', 'Dikenal', 5, '13:33:38', '2018-09-12'),
(525, '08xxxxx', 'Dikenal', 5, '13:33:42', '2018-09-12'),
(526, '08xxxxx', 'Dikenal', 5, '13:33:45', '2018-09-12'),
(527, '08xxxxx', 'Dikenal', 5, '13:33:49', '2018-09-12'),
(528, '08xxxxx', 'Dikenal', 5, '13:33:52', '2018-09-12'),
(529, '08xxxxx', 'Dikenal', 5, '13:33:56', '2018-09-12'),
(530, '08xxxxx', 'Dikenal', 5, '13:33:59', '2018-09-12'),
(531, '08xxxxx', 'Dikenal', 5, '13:34:03', '2018-09-12');

-- --------------------------------------------------------

--
-- Struktur dari tabel `pegawai`
--

CREATE TABLE `pegawai` (
  `id_dosen` int(11) NOT NULL,
  `nama` varchar(100) DEFAULT NULL,
  `nik` varchar(20) DEFAULT NULL,
  `jabatan` varchar(100) DEFAULT NULL,
  `jurusan` varchar(100) DEFAULT NULL,
  `fakultas` varchar(100) DEFAULT NULL,
  `no_telp` varchar(25) DEFAULT NULL
) ENGINE=InnoDB DEFAULT CHARSET=latin1;

--
-- Dumping data untuk tabel `pegawai`
--

INSERT INTO `pegawai` (`id_dosen`, `nama`, `nik`, `jabatan`, `jurusan`, `fakultas`, `no_telp`) VALUES
(1, 'Muhammad Fahim Rasyid', '123140147', 'Mahasiswa', 'Teknik Informatika', 'Teknik Industri', '085312453810'),
(2, 'Nidya Indah Sari', '123140150', 'Mahasiswa', 'Teknik Informatika', 'Teknik Industri', '082221165606'),
(3, 'Nehu Ayu', '123140169', 'Mahasiswa', 'Teknik Informatika', 'Teknik Industri', '08223432423'),
(4, 'I Putu Wahyu Patrika', '123140177', 'Mahasiswa', 'Teknik Informatika', 'Teknik Industri', '081220535152'),
(5, 'Ifa', '123140184', 'Mahasiswa', 'Teknik Informatika', 'Teknik Industri', '082344413372'),
(6, 'Dr Herlina Jayadianti, S.T., M.T.', '277080202351', 'Dosen', 'Teknik Informatika', 'Teknik Industri', '081915444643'),
(7, 'Herry Sofyan, S.T., M.Kom.', '264049601391', 'Kordinator PRODI', 'Teknik Informatika', 'Teknik Industri', '08175455538');

-- --------------------------------------------------------

--
-- Struktur dari tabel `pengujian`
--

CREATE TABLE `pengujian` (
  `id_penelepon` int(11) NOT NULL,
  `no_telp` varchar(30) DEFAULT NULL,
  `status` varchar(50) DEFAULT NULL,
  `id_dosen` int(11) NOT NULL,
  `waktu` time NOT NULL,
  `tanggal` date NOT NULL
) ENGINE=InnoDB DEFAULT CHARSET=latin1;

--
-- Dumping data untuk tabel `pengujian`
--

INSERT INTO `pengujian` (`id_penelepon`, `no_telp`, `status`, `id_dosen`, `waktu`, `tanggal`) VALUES
(1, '08xxxxx', 'Tidak Dikenal', 0, '14:29:39', '2018-08-15'),
(2, '08xxxxx', 'Tidak Dikenal', 0, '14:29:39', '2018-08-15'),
(3, '08xxxxx', 'Tidak Dikenal', 0, '14:29:39', '2018-08-15'),
(4, '08xxxxx', 'Tidak Dikenal', 0, '14:29:39', '2018-08-15'),
(5, '08xxxxx', 'Tidak Dikenal', 0, '14:29:39', '2018-08-15'),
(6, '08xxxxx', 'Tidak Dikenal', 0, '14:31:19', '2018-08-15'),
(7, '08xxxxx', 'Tidak Dikenal', 0, '14:31:19', '2018-08-15'),
(8, '08xxxxx', 'Tidak Dikenal', 0, '14:31:19', '2018-08-15'),
(9, '08xxxxx', 'Tidak Dikenal', 0, '14:31:19', '2018-08-15'),
(10, '08xxxxx', 'Tidak Dikenal', 0, '14:31:20', '2018-08-15'),
(11, '08xxxxx', 'Tidak Dikenal', 0, '14:31:39', '2018-08-15'),
(12, '08xxxxx', 'Tidak Dikenal', 0, '14:31:39', '2018-08-15'),
(13, '08xxxxx', 'Tidak Dikenal', 0, '14:31:39', '2018-08-15'),
(14, '08xxxxx', 'Tidak Dikenal', 0, '14:31:39', '2018-08-15'),
(15, '08xxxxx', 'Tidak Dikenal', 0, '14:31:39', '2018-08-15'),
(16, '08xxxxx', 'Tidak Dikenal', 0, '14:33:20', '2018-08-15'),
(17, '08xxxxx', 'Tidak Dikenal', 0, '14:33:20', '2018-08-15'),
(18, '08xxxxx', 'Tidak Dikenal', 0, '14:33:20', '2018-08-15'),
(19, '08xxxxx', 'Tidak Dikenal', 0, '14:33:20', '2018-08-15'),
(20, '08xxxxx', 'Tidak Dikenal', 0, '14:33:21', '2018-08-15'),
(21, '08xxxxx', 'Tidak Dikenal', 0, '14:33:45', '2018-08-15'),
(22, '08xxxxx', 'Tidak Dikenal', 0, '14:33:45', '2018-08-15'),
(23, '08xxxxx', 'Tidak Dikenal', 0, '14:33:45', '2018-08-15'),
(24, '08xxxxx', 'Tidak Dikenal', 0, '14:33:45', '2018-08-15'),
(25, '08xxxxx', 'Tidak Dikenal', 0, '14:33:46', '2018-08-15'),
(26, '08xxxxx', 'Dikenal', 4, '14:34:03', '2018-08-15'),
(27, '08xxxxx', 'Tidak Dikenal', 0, '14:34:03', '2018-08-15'),
(28, '08xxxxx', 'Dikenal', 4, '14:34:03', '2018-08-15'),
(29, '08xxxxx', 'Dikenal', 4, '14:34:04', '2018-08-15'),
(30, '08xxxxx', 'Dikenal', 4, '14:34:04', '2018-08-15'),
(31, '08xxxxx', 'Dikenal', 4, '14:34:24', '2018-08-15'),
(32, '08xxxxx', 'Dikenal', 4, '14:34:24', '2018-08-15'),
(33, '08xxxxx', 'Dikenal', 4, '14:34:24', '2018-08-15'),
(34, '08xxxxx', 'Dikenal', 4, '14:34:24', '2018-08-15'),
(35, '08xxxxx', 'Dikenal', 4, '14:34:24', '2018-08-15'),
(36, '08xxxxx', 'Dikenal', 4, '14:35:46', '2018-08-15'),
(37, '08xxxxx', 'Dikenal', 4, '14:35:47', '2018-08-15'),
(38, '08xxxxx', 'Dikenal', 4, '14:35:47', '2018-08-15'),
(39, '08xxxxx', 'Dikenal', 4, '14:35:47', '2018-08-15'),
(40, '08xxxxx', 'Dikenal', 4, '14:35:47', '2018-08-15'),
(41, '08xxxxx', 'Dikenal', 4, '14:36:06', '2018-08-15'),
(42, '08xxxxx', 'Dikenal', 4, '14:36:07', '2018-08-15'),
(43, '08xxxxx', 'Dikenal', 4, '14:36:07', '2018-08-15'),
(44, '08xxxxx', 'Dikenal', 4, '14:36:07', '2018-08-15'),
(45, '08xxxxx', 'Dikenal', 4, '14:36:07', '2018-08-15'),
(46, '08xxxxx', 'Dikenal', 4, '14:36:37', '2018-08-15'),
(47, '08xxxxx', 'Dikenal', 4, '14:36:38', '2018-08-15'),
(48, '08xxxxx', 'Dikenal', 4, '14:36:38', '2018-08-15'),
(49, '08xxxxx', 'Dikenal', 4, '14:36:38', '2018-08-15'),
(50, '08xxxxx', 'Dikenal', 4, '14:36:38', '2018-08-15'),
(51, '08xxxxx', 'Dikenal', 4, '14:36:54', '2018-08-15'),
(52, '08xxxxx', 'Dikenal', 4, '14:36:55', '2018-08-15'),
(53, '08xxxxx', 'Dikenal', 4, '14:36:55', '2018-08-15'),
(54, '08xxxxx', 'Dikenal', 4, '14:36:55', '2018-08-15'),
(55, '08xxxxx', 'Dikenal', 4, '14:36:55', '2018-08-15'),
(56, '08xxxxx', 'Tidak Dikenal', 0, '14:48:53', '2018-08-15'),
(57, '08xxxxx', 'Tidak Dikenal', 0, '14:48:53', '2018-08-15'),
(58, '08xxxxx', 'Tidak Dikenal', 0, '14:48:53', '2018-08-15'),
(59, '08xxxxx', 'Tidak Dikenal', 0, '14:48:53', '2018-08-15'),
(60, '08xxxxx', 'Tidak Dikenal', 0, '14:48:53', '2018-08-15'),
(61, '08xxxxx', 'Tidak Dikenal', 0, '14:57:02', '2018-08-15'),
(62, '08xxxxx', 'Tidak Dikenal', 0, '14:57:02', '2018-08-15'),
(63, '08xxxxx', 'Tidak Dikenal', 0, '14:57:02', '2018-08-15'),
(64, '08xxxxx', 'Tidak Dikenal', 0, '14:57:02', '2018-08-15'),
(65, '08xxxxx', 'Tidak Dikenal', 0, '14:57:02', '2018-08-15'),
(66, '08xxxxx', 'Tidak Dikenal', 0, '14:57:41', '2018-08-15'),
(67, '08xxxxx', 'Tidak Dikenal', 0, '14:57:42', '2018-08-15'),
(68, '08xxxxx', 'Dikenal', 5, '14:57:42', '2018-08-15'),
(69, '08xxxxx', 'Tidak Dikenal', 0, '14:57:42', '2018-08-15'),
(70, '08xxxxx', 'Tidak Dikenal', 0, '14:57:42', '2018-08-15'),
(71, '08xxxxx', 'Dikenal', 4, '14:59:20', '2018-08-15'),
(72, '08xxxxx', 'Tidak Dikenal', 0, '14:59:20', '2018-08-15'),
(73, '08xxxxx', 'Dikenal', 5, '14:59:20', '2018-08-15'),
(74, '08xxxxx', 'Dikenal', 5, '14:59:21', '2018-08-15'),
(75, '08xxxxx', 'Dikenal', 4, '14:59:21', '2018-08-15'),
(76, '08xxxxx', 'Dikenal', 4, '15:00:12', '2018-08-15'),
(77, '08xxxxx', 'Dikenal', 4, '15:00:13', '2018-08-15'),
(78, '08xxxxx', 'Dikenal', 5, '15:00:13', '2018-08-15'),
(79, '08xxxxx', 'Dikenal', 5, '15:00:13', '2018-08-15'),
(80, '08xxxxx', 'Dikenal', 4, '15:00:13', '2018-08-15'),
(81, '08xxxxx', 'Dikenal', 4, '15:03:34', '2018-08-15'),
(82, '08xxxxx', 'Tidak Dikenal', 0, '15:03:34', '2018-08-15'),
(83, '08xxxxx', 'Dikenal', 5, '15:03:34', '2018-08-15'),
(84, '08xxxxx', 'Dikenal', 5, '15:03:34', '2018-08-15'),
(85, '08xxxxx', 'Dikenal', 4, '15:03:35', '2018-08-15'),
(86, '08xxxxx', 'Dikenal', 4, '15:05:06', '2018-08-15'),
(87, '08xxxxx', 'Tidak Dikenal', 0, '15:05:07', '2018-08-15'),
(88, '08xxxxx', 'Dikenal', 5, '15:05:07', '2018-08-15'),
(89, '08xxxxx', 'Dikenal', 5, '15:05:07', '2018-08-15'),
(90, '08xxxxx', 'Dikenal', 4, '15:05:07', '2018-08-15'),
(91, '08xxxxx', 'Dikenal', 4, '15:06:05', '2018-08-15'),
(92, '08xxxxx', 'Dikenal', 5, '15:06:05', '2018-08-15'),
(93, '08xxxxx', 'Dikenal', 5, '15:06:06', '2018-08-15'),
(94, '08xxxxx', 'Dikenal', 5, '15:06:06', '2018-08-15'),
(95, '08xxxxx', 'Dikenal', 4, '15:06:06', '2018-08-15'),
(96, '08xxxxx', 'Dikenal', 4, '15:07:21', '2018-08-15'),
(97, '08xxxxx', 'Dikenal', 5, '15:07:21', '2018-08-15'),
(98, '08xxxxx', 'Dikenal', 5, '15:07:21', '2018-08-15'),
(99, '08xxxxx', 'Dikenal', 5, '15:07:21', '2018-08-15'),
(100, '08xxxxx', 'Dikenal', 4, '15:07:22', '2018-08-15'),
(101, '08xxxxx', 'Tidak Dikenal', 0, '15:14:54', '2018-08-15'),
(102, '08xxxxx', 'Tidak Dikenal', 0, '15:14:54', '2018-08-15'),
(103, '08xxxxx', 'Tidak Dikenal', 0, '15:14:54', '2018-08-15'),
(104, '08xxxxx', 'Tidak Dikenal', 0, '15:14:54', '2018-08-15'),
(105, '08xxxxx', 'Tidak Dikenal', 0, '15:14:54', '2018-08-15'),
(106, '08xxxxx', 'Tidak Dikenal', 0, '15:15:38', '2018-08-15'),
(107, '08xxxxx', 'Tidak Dikenal', 0, '15:15:38', '2018-08-15'),
(108, '08xxxxx', 'Tidak Dikenal', 0, '15:15:38', '2018-08-15'),
(109, '08xxxxx', 'Tidak Dikenal', 0, '15:15:38', '2018-08-15'),
(110, '08xxxxx', 'Tidak Dikenal', 0, '15:15:38', '2018-08-15'),
(111, '08xxxxx', 'Dikenal', 4, '15:16:27', '2018-08-15'),
(112, '08xxxxx', 'Dikenal', 4, '15:16:27', '2018-08-15'),
(113, '08xxxxx', 'Tidak Dikenal', 0, '15:16:27', '2018-08-15'),
(114, '08xxxxx', 'Dikenal', 4, '15:16:27', '2018-08-15'),
(115, '08xxxxx', 'Dikenal', 4, '15:16:27', '2018-08-15'),
(116, '08xxxxx', 'Tidak Dikenal', 0, '15:19:06', '2018-08-15'),
(117, '08xxxxx', 'Tidak Dikenal', 0, '15:19:07', '2018-08-15'),
(118, '08xxxxx', 'Tidak Dikenal', 0, '15:19:07', '2018-08-15'),
(119, '08xxxxx', 'Dikenal', 5, '15:19:07', '2018-08-15'),
(120, '08xxxxx', 'Tidak Dikenal', 0, '15:19:07', '2018-08-15'),
(121, '08xxxxx', 'Dikenal', 4, '15:19:56', '2018-08-15'),
(122, '08xxxxx', 'Dikenal', 4, '15:19:56', '2018-08-15'),
(123, '08xxxxx', 'Dikenal', 4, '15:19:56', '2018-08-15'),
(124, '08xxxxx', 'Dikenal', 5, '15:19:56', '2018-08-15'),
(125, '08xxxxx', 'Dikenal', 4, '15:19:56', '2018-08-15'),
(126, '08xxxxx', 'Dikenal', 4, '15:37:27', '2018-08-15'),
(127, '08xxxxx', 'Dikenal', 1, '15:37:27', '2018-08-15'),
(128, '08xxxxx', 'Dikenal', 4, '15:37:27', '2018-08-15'),
(129, '08xxxxx', 'Dikenal', 5, '15:37:27', '2018-08-15'),
(130, '08xxxxx', 'Dikenal', 4, '15:37:27', '2018-08-15'),
(131, '08xxxxx', 'Dikenal', 4, '15:38:52', '2018-08-15'),
(132, '08xxxxx', 'Dikenal', 4, '15:38:53', '2018-08-15'),
(133, '08xxxxx', 'Dikenal', 1, '15:38:53', '2018-08-15'),
(134, '08xxxxx', 'Dikenal', 4, '15:38:53', '2018-08-15'),
(135, '08xxxxx', 'Dikenal', 4, '15:38:53', '2018-08-15'),
(136, '08xxxxx', 'Dikenal', 1, '15:40:02', '2018-08-15'),
(137, '08xxxxx', 'Dikenal', 1, '15:40:02', '2018-08-15'),
(138, '08xxxxx', 'Dikenal', 1, '15:40:02', '2018-08-15'),
(139, '08xxxxx', 'Dikenal', 5, '15:40:03', '2018-08-15'),
(140, '08xxxxx', 'Dikenal', 5, '15:40:03', '2018-08-15'),
(141, '08xxxxx', 'Dikenal', 1, '15:54:59', '2018-08-15'),
(142, '08xxxxx', 'Dikenal', 1, '15:54:59', '2018-08-15'),
(143, '08xxxxx', 'Dikenal', 5, '15:54:59', '2018-08-15'),
(144, '08xxxxx', 'Dikenal', 5, '15:55:00', '2018-08-15'),
(145, '08xxxxx', 'Dikenal', 1, '15:55:00', '2018-08-15'),
(146, '08xxxxx', 'Dikenal', 1, '15:56:36', '2018-08-15'),
(147, '08xxxxx', 'Dikenal', 1, '15:56:36', '2018-08-15'),
(148, '08xxxxx', 'Dikenal', 1, '15:56:36', '2018-08-15'),
(149, '08xxxxx', 'Dikenal', 1, '15:56:36', '2018-08-15'),
(150, '08xxxxx', 'Dikenal', 1, '15:56:37', '2018-08-15'),
(151, '08xxxxx', 'Dikenal', 1, '15:57:44', '2018-08-15'),
(152, '08xxxxx', 'Dikenal', 1, '15:57:44', '2018-08-15'),
(153, '08xxxxx', 'Dikenal', 1, '15:57:44', '2018-08-15'),
(154, '08xxxxx', 'Dikenal', 1, '15:57:45', '2018-08-15'),
(155, '08xxxxx', 'Dikenal', 1, '15:57:45', '2018-08-15'),
(156, '08xxxxx', 'Dikenal', 1, '15:58:39', '2018-08-15'),
(157, '08xxxxx', 'Dikenal', 1, '15:58:39', '2018-08-15'),
(158, '08xxxxx', 'Dikenal', 1, '15:58:39', '2018-08-15'),
(159, '08xxxxx', 'Dikenal', 1, '15:58:39', '2018-08-15'),
(160, '08xxxxx', 'Dikenal', 1, '15:58:40', '2018-08-15'),
(161, '08xxxxx', 'Dikenal', 1, '15:59:47', '2018-08-15'),
(162, '08xxxxx', 'Dikenal', 1, '15:59:47', '2018-08-15'),
(163, '08xxxxx', 'Tidak Dikenal', 0, '15:59:47', '2018-08-15'),
(164, '08xxxxx', 'Dikenal', 1, '15:59:48', '2018-08-15'),
(165, '08xxxxx', 'Dikenal', 1, '15:59:48', '2018-08-15'),
(166, '08xxxxx', 'Dikenal', 1, '16:00:55', '2018-08-15'),
(167, '08xxxxx', 'Dikenal', 1, '16:00:55', '2018-08-15'),
(168, '08xxxxx', 'Tidak Dikenal', 0, '16:00:55', '2018-08-15'),
(169, '08xxxxx', 'Tidak Dikenal', 0, '16:00:55', '2018-08-15'),
(170, '08xxxxx', 'Dikenal', 1, '16:00:55', '2018-08-15'),
(171, '08xxxxx', 'Tidak Dikenal', 0, '16:03:14', '2018-08-15'),
(172, '08xxxxx', 'Tidak Dikenal', 0, '16:03:14', '2018-08-15'),
(173, '08xxxxx', 'Tidak Dikenal', 0, '16:03:14', '2018-08-15'),
(174, '08xxxxx', 'Tidak Dikenal', 0, '16:03:14', '2018-08-15'),
(175, '08xxxxx', 'Tidak Dikenal', 0, '16:03:14', '2018-08-15'),
(176, '08xxxxx', 'Dikenal', 6, '16:22:14', '2018-08-15'),
(177, '08xxxxx', 'Tidak Dikenal', 0, '16:22:14', '2018-08-15'),
(178, '08xxxxx', 'Tidak Dikenal', 0, '16:22:15', '2018-08-15'),
(179, '08xxxxx', 'Tidak Dikenal', 0, '16:22:15', '2018-08-15'),
(180, '08xxxxx', 'Tidak Dikenal', 0, '16:22:15', '2018-08-15'),
(181, '08xxxxx', 'Dikenal', 6, '16:23:11', '2018-08-15'),
(182, '08xxxxx', 'Dikenal', 5, '16:23:11', '2018-08-15'),
(183, '08xxxxx', 'Dikenal', 5, '16:23:11', '2018-08-15'),
(184, '08xxxxx', 'Dikenal', 5, '16:23:11', '2018-08-15'),
(185, '08xxxxx', 'Dikenal', 5, '16:23:11', '2018-08-15'),
(186, '08xxxxx', 'Dikenal', 6, '16:25:35', '2018-08-15'),
(187, '08xxxxx', 'Dikenal', 5, '16:25:35', '2018-08-15'),
(188, '08xxxxx', 'Dikenal', 5, '16:25:35', '2018-08-15'),
(189, '08xxxxx', 'Dikenal', 1, '16:25:35', '2018-08-15'),
(190, '08xxxxx', 'Dikenal', 5, '16:25:36', '2018-08-15'),
(191, '08xxxxx', 'Tidak Dikenal', 0, '16:27:38', '2018-08-15'),
(192, '08xxxxx', 'Tidak Dikenal', 0, '16:27:38', '2018-08-15'),
(193, '08xxxxx', 'Tidak Dikenal', 0, '16:27:38', '2018-08-15'),
(194, '08xxxxx', 'Dikenal', 5, '16:27:38', '2018-08-15'),
(195, '08xxxxx', 'Tidak Dikenal', 0, '16:27:38', '2018-08-15');

-- --------------------------------------------------------

--
-- Struktur dari tabel `suara`
--

CREATE TABLE `suara` (
  `id_file` int(11) NOT NULL,
  `id_dosen` int(11) NOT NULL,
  `path` varchar(200) NOT NULL
) ENGINE=InnoDB DEFAULT CHARSET=latin1;

--
-- Dumping data untuk tabel `suara`
--

INSERT INTO `suara` (`id_file`, `id_dosen`, `path`) VALUES
(1, 1, 'C:/Users/asus/workspace/bismillah/train/1.wav'),
(2, 1, 'C:/Users/asus/workspace/bismillah/train/2.wav'),
(3, 1, 'C:/Users/asus/workspace/bismillah/train/3.wav'),
(4, 1, 'C:/Users/asus/workspace/bismillah/train/4.wav'),
(5, 1, 'C:/Users/asus/workspace/bismillah/train/5.wav'),
(6, 1, 'C:/Users/asus/workspace/bismillah/train/6.wav'),
(7, 1, 'C:/Users/asus/workspace/bismillah/train/7.wav'),
(8, 1, 'C:/Users/asus/workspace/bismillah/train/8.wav'),
(9, 1, 'C:/Users/asus/workspace/bismillah/train/9.wav'),
(10, 1, 'C:/Users/asus/workspace/bismillah/train/10.wav'),
(11, 2, 'C:/Users/asus/workspace/bismillah/train/11.wav'),
(12, 2, 'C:/Users/asus/workspace/bismillah/train/12.wav'),
(13, 2, 'C:/Users/asus/workspace/bismillah/train/13.wav'),
(14, 2, 'C:/Users/asus/workspace/bismillah/train/14.wav'),
(15, 2, 'C:/Users/asus/workspace/bismillah/train/15.wav'),
(16, 2, 'C:/Users/asus/workspace/bismillah/train/16.wav'),
(17, 2, 'C:/Users/asus/workspace/bismillah/train/17.wav'),
(18, 2, 'C:/Users/asus/workspace/bismillah/train/18.wav'),
(19, 2, 'C:/Users/asus/workspace/bismillah/train/19.wav'),
(20, 2, 'C:/Users/asus/workspace/bismillah/train/20.wav'),
(21, 1, 'C:/Users/asus/workspace/bismillah/train/21.wav'),
(22, 3, 'C:/Users/asus/workspace/bismillah/train/22.wav'),
(23, 3, 'C:/Users/asus/workspace/bismillah/train/23.wav'),
(24, 3, 'C:/Users/asus/workspace/bismillah/train/24.wav'),
(25, 3, 'C:/Users/asus/workspace/bismillah/train/25.wav'),
(26, 3, 'C:/Users/asus/workspace/bismillah/train/26.wav'),
(27, 3, 'C:/Users/asus/workspace/bismillah/train/27.wav'),
(28, 3, 'C:/Users/asus/workspace/bismillah/train/28.wav'),
(29, 3, 'C:/Users/asus/workspace/bismillah/train/29.wav'),
(30, 3, 'C:/Users/asus/workspace/bismillah/train/30.wav'),
(31, 3, 'C:/Users/asus/workspace/bismillah/train/31.wav'),
(32, 3, 'C:/Users/asus/workspace/bismillah/train/32.wav'),
(33, 4, 'C:/Users/asus/workspace/bismillah/train/33.wav'),
(34, 4, 'C:/Users/asus/workspace/bismillah/train/34.wav'),
(35, 4, 'C:/Users/asus/workspace/bismillah/train/35.wav'),
(36, 4, 'C:/Users/asus/workspace/bismillah/train/36.wav'),
(37, 4, 'C:/Users/asus/workspace/bismillah/train/37.wav'),
(38, 4, 'C:/Users/asus/workspace/bismillah/train/38.wav'),
(39, 4, 'C:/Users/asus/workspace/bismillah/train/39.wav'),
(40, 4, 'C:/Users/asus/workspace/bismillah/train/40.wav'),
(41, 4, 'C:/Users/asus/workspace/bismillah/train/41.wav'),
(42, 4, 'C:/Users/asus/workspace/bismillah/train/42.wav'),
(43, 5, 'C:/Users/asus/workspace/bismillah/train/43.wav'),
(44, 5, 'C:/Users/asus/workspace/bismillah/train/44.wav'),
(45, 5, 'C:/Users/asus/workspace/bismillah/train/45.wav'),
(46, 5, 'C:/Users/asus/workspace/bismillah/train/46.wav'),
(47, 5, 'C:/Users/asus/workspace/bismillah/train/47.wav'),
(48, 5, 'C:/Users/asus/workspace/bismillah/train/48.wav'),
(49, 5, 'C:/Users/asus/workspace/bismillah/train/49.wav'),
(50, 5, 'C:/Users/asus/workspace/bismillah/train/50.wav'),
(51, 5, 'C:/Users/asus/workspace/bismillah/train/51.wav'),
(52, 5, 'C:/Users/asus/workspace/bismillah/train/52.wav'),
(53, 6, 'C:/Users/asus/workspace/bismillah/train/53.wav'),
(54, 6, 'C:/Users/asus/workspace/bismillah/train/54.wav'),
(55, 6, 'C:/Users/asus/workspace/bismillah/train/55.wav'),
(56, 6, 'C:/Users/asus/workspace/bismillah/train/56.wav'),
(57, 6, 'C:/Users/asus/workspace/bismillah/train/57.wav'),
(58, 6, 'C:/Users/asus/workspace/bismillah/train/58.wav'),
(59, 6, 'C:/Users/asus/workspace/bismillah/train/59.wav'),
(60, 6, 'C:/Users/asus/workspace/bismillah/train/60.wav'),
(61, 6, 'C:/Users/asus/workspace/bismillah/train/61.wav'),
(62, 6, 'C:/Users/asus/workspace/bismillah/train/62.wav'),
(63, 7, 'C:/Users/asus/workspace/bismillah/train/63.wav'),
(64, 7, 'C:/Users/asus/workspace/bismillah/train/64.wav'),
(65, 7, 'C:/Users/asus/workspace/bismillah/train/65.wav'),
(66, 7, 'C:/Users/asus/workspace/bismillah/train/66.wav'),
(67, 7, 'C:/Users/asus/workspace/bismillah/train/67.wav'),
(68, 7, 'C:/Users/asus/workspace/bismillah/train/68.wav'),
(69, 7, 'C:/Users/asus/workspace/bismillah/train/69.wav'),
(70, 7, 'C:/Users/asus/workspace/bismillah/train/70.wav'),
(71, 7, 'C:/Users/asus/workspace/bismillah/train/71.wav'),
(72, 7, 'C:/Users/asus/workspace/bismillah/train/72.wav'),
(73, 7, 'C:/Users/asus/workspace/bismillah/train/73.wav');

--
-- Indexes for dumped tables
--

--
-- Indexes for table `foto`
--
ALTER TABLE `foto`
  ADD PRIMARY KEY (`id_foto`),
  ADD UNIQUE KEY `id_dosen` (`id_dosen`);

--
-- Indexes for table `masuk`
--
ALTER TABLE `masuk`
  ADD PRIMARY KEY (`id_penelpon`);

--
-- Indexes for table `pegawai`
--
ALTER TABLE `pegawai`
  ADD PRIMARY KEY (`id_dosen`);

--
-- Indexes for table `suara`
--
ALTER TABLE `suara`
  ADD PRIMARY KEY (`id_file`);

--
-- Ketidakleluasaan untuk tabel pelimpahan (Dumped Tables)
--

--
-- Ketidakleluasaan untuk tabel `foto`
--
ALTER TABLE `foto`
  ADD CONSTRAINT `foto_ibfk_1` FOREIGN KEY (`id_dosen`) REFERENCES `pegawai` (`id_dosen`) ON DELETE CASCADE ON UPDATE CASCADE;
COMMIT;

/*!40101 SET CHARACTER_SET_CLIENT=@OLD_CHARACTER_SET_CLIENT */;
/*!40101 SET CHARACTER_SET_RESULTS=@OLD_CHARACTER_SET_RESULTS */;
/*!40101 SET COLLATION_CONNECTION=@OLD_COLLATION_CONNECTION */;
